"age_range","age_start","age_end","n_population","n_events","unit","incidence","se"
"30-40",30,40,97091,89,100000,9.16661591663913,3.07265663634124
"40-50",40,50,95116,203,100000,21.342330556626,4.73689570973865
"50-60",50,60,90779,297,100000,32.716674707497,6.00331222806338
"60-70",60,70,81537,334,100000,40.9631163960459,7.08793548837075
"70-80",70,80,63394,354,100000,55.8408642883864,9.38535059420273
"80-100",80,100,20404,312,100000,76.4547495893739,19.3571836774207
