"method","outcome","mean","ci_lb","ci_ub"
"truth","dwell_time",32.1186870603702,32.0278735104076,32.2231352157181
"truth","sojourn_time",4.06346278178956,4.03493508234236,4.09353052101254
"imabc","dwell_time",33.4882755888101,32.3363382121779,34.4980575585251
"imabc","sojourn_time",4.04018242098647,3.49900309043634,4.61810561692216
"baycann","dwell_time",33.9273054130393,32.1971659615891,35.6621818794008
"baycann","sojourn_time",3.42640551380736,2.71408776115574,4.09910293545348
