"method","outcome","mean","ci_lb","ci_ub"
"truth","dwell_time",32.1127604784095,32.0139086806623,32.2219891006099
"truth","sojourn_time",4.06320031484607,4.03289130068393,4.09397223753596
"imabc","dwell_time",33.2154468401408,31.939771438481,34.4289100396209
"imabc","sojourn_time",3.98142924693699,3.50113383912217,4.53794738014363
"baycann","dwell_time",33.6490624769802,31.9553646724237,35.3377701340411
"baycann","sojourn_time",3.53273711791987,2.77940399425382,4.25355400828251
