"method","outcome","mean","ci_lb","ci_ub"
"truth","dwell_time",32.1127604784095,32.0139086806623,32.2219891006099
"truth","sojourn_time",4.06320031484607,4.03289130068393,4.09397223753596
"imabc","dwell_time",33.4882755888101,32.3363382121779,34.4980575585251
"imabc","sojourn_time",4.04018242098647,3.49900309043634,4.61810561692216
"baycann","dwell_time",33.6490624769802,31.9553646724237,35.3377701340411
"baycann","sojourn_time",3.53273711791987,2.77940399425382,4.25355400828251
