"age_range","age_start","age_end","n_population","n_events","unit","incidence","se"
"30-40",30,40,92253,5525,100000,598.895796945208,25.4791610564855
"40-50",40,50,85205,7404,100000,868.964148195463,31.9351274419567
"50-60",50,60,74654,8402,100000,1125.45742386732,38.8273483075846
"60-70",60,70,59834,8412,100000,1405.88103733829,48.4728930816337
"70-80",70,80,40425,6734,100000,1665.78717335935,64.1923031012335
"80-100",80,100,10756,4131,100000,1920.3677927583,133.62010662698
