"age_start","age_end","n_total","prevalence","ci_lb","ci_ub"
30,40,1929,0.000593466223381042,0,0.00207361327112494
40,50,1882,0.000838274269036296,0,0.00212539851222104
50,60,1790,0.00164526877439616,0,0.00391061452513967
60,70,1594,0.00178793561282719,0,0.00439146800501882
70,80,1245,0.00154795693437787,0,0.00401606425702811
80,100,428,0.0014862960997533,0,0.00700934579439252
