"stage_dx","count","pct","ci_lb","ci_ub"
1,590,0.355635925256178,0.332730560578662,0.378541289933695
2,1069,0.644364074743822,0.621458710066305,0.667269439421338
