"stage_dx","count","pct","ci_lb","ci_ub"
1,18,0.580645161290323,0.419354838709677,0.741935483870968
2,13,0.419354838709677,0.258064516129032,0.580645161290323
3,0,0,0,0
4,0,0,0,0
