"stage_dx","count","pct","ci_lb","ci_ub"
1,15663,0.345761589403974,0.341390728476821,0.350154525386313
2,29637,0.654238410596026,0.649845474613687,0.658609271523179
