"age_range","age_start","age_end","n_population","n_events","unit","incidence","se"
"30-40",30,40,97097,91,100000,9.37209442567539,3.10681904960819
"40-50",40,50,95107,219,100000,23.0267569705827,4.92051681113769
"50-60",50,60,90765,283,100000,31.1795903196704,5.86107375834791
"60-70",60,70,81536,355,100000,43.5388717589385,7.30740190827427
"70-80",70,80,63398,351,100000,55.364831230045,9.34502402310164
"80-100",80,100,20401,309,100000,75.7326762326673,19.2672202628645
