"age_range","age_start","age_end","person_years_total","n_events","unit","targets","se","chi2_lb","chi2_ub","ci_lb","ci_ub"
"30-40",30,40,971050.094145351,468,100000,48.1952478890289,2.22782612176399,853.10889797161,1024.76969987551,43.9271312116218,52.7660573874636
"40-50",40,50,946689.259577046,1190,100000,125.701225398042,3.64389648159024,2246.68084801509,2519.16434363754,118.659888938575,133.051279400964
"50-60",50,60,895459.921823377,2334,100000,260.648181243824,5.39515930744846,4480.5238075861,4861.30525396689,250.180030305692,271.44181082209
"60-70",60,70,788250.005366494,3365,100000,426.895017708938,7.35916519558054,6504.51058170798,6961.31173493764,412.591851406568,441.56750317439
"70-80",70,80,593795.450936846,3479,100000,585.891992690597,9.93322672296924,6728.69079610995,7193.13096508233,566.58322200801,605.690979421748
"80-90",80,90,303586.103468416,2196,100000,723.353267791607,15.4359825828837,4210.20788543222,4579.62242381568,693.412484519443,754.254290874042
