"age_range","age_start","age_end","age_diff","unit","targets","se"
"30-40",30,40,10,100000,35.8264487278642,1.92326453710451
"40-50",40,50,10,100000,61.0626136558903,2.53986989370908
"50-60",50,60,10,100000,94.7696885878137,3.24295198215831
"60-70",60,70,10,100000,139.742532140207,4.16261888686674
"70-80",70,80,10,100000,181.916081622391,5.409284087101
"80-90",80,90,10,100000,227.742947639164,8.3271068698975
