"age_range","age_start","age_end","person_years_total","n_events","unit","targets","se"
"30-40",30,40,970995.598211333,447,100000,46.0352241373099,2.17739138579127
"40-50",40,50,946934.758294951,1231,100000,129.998396322101,3.70517707564909
"50-60",50,60,895157.77834724,2329,100000,260.177597328162,5.39119641424087
"60-70",60,70,787356.098952339,3356,100000,426.236617010463,7.35766110263505
"70-80",70,80,593730.059934734,3489,100000,587.640787529526,9.9485880349367
"80-90",80,90,302613.536985296,2263,100000,747.818495677527,15.7200500820215
