"age_range","age_start","age_end","age_diff","unit","targets","se"
"30-40",30,40,10,100000,28.7837706119824,1.7232392714115
"40-50",40,50,10,100000,54.0409137502052,2.38829353589296
"50-60",50,60,10,100000,80.3436679910038,2.98388891959484
"60-70",60,70,10,100000,125.737092912803,3.94278357443202
"70-80",70,80,10,100000,164.645940892559,5.1351658076425
"80-90",80,90,10,100000,211.875435481332,8.00813873153021
