"age_range","age_start","age_end","n_population","n_events","unit","incidence","se"
"30-40",30,40,970997,1100,100000,11.3285649085114,1.0801362830106
"40-50",40,50,950361,1789,100000,18.8244236717743,1.4073966677937
"50-60",50,60,907511,2606,100000,28.7158978996406,1.77883307030995
"60-70",60,70,815371,3406,100000,41.7723924555913,2.26342979127586
"70-80",70,80,633813,3468,100000,54.7164824181039,2.93818153801278
"80-100",80,100,204098,3091,100000,75.7235321181158,6.09110882403202
