"age_range","age_start","age_end","person_years_total","n_events","unit","targets","se"
"30-40",30,40,970939.72451314,443,100000,45.6259012599504,2.16775198794169
"40-50",40,50,947923.253791641,1221,100000,128.807896115647,3.68624888982763
"50-60",50,60,896160.272279125,2319,100000,258.770676600324,5.37359197912971
"60-70",60,70,788690.25931025,3282,100000,416.132944620145,7.26378215951493
"70-80",70,80,593511.348701836,3503,100000,590.216178285718,9.97220140057747
"80-90",80,90,301885.797910141,2309,100000,764.85876976806,15.9172956924721
