"age_range","age_start","age_end","age_diff","unit","targets","se"
"30-40",30,40,10,100000,53.1953326238726,2.34179394104908
"40-50",40,50,10,100000,141.002960789417,3.86200789613174
"50-60",50,60,10,100000,266.496909078958,5.46265405331059
"60-70",60,70,10,100000,432.367212663356,7.41612721052379
"70-80",70,80,10,100000,616.423080551825,10.224137557074
"80-90",80,90,10,100000,781.238521748304,16.0951862466877
