"age_range","age_start","age_end","person_years_total","n_events","unit","targets","se"
"30-40",30,40,971927.950371173,237,100000,24.3845235554231,1.58394501490172
"40-50",40,50,949642.663980208,726,100000,76.4498087056386,2.83731851912421
"50-60",50,60,902553.04947118,1508,100000,167.081591589941,4.30256988225213
"60-70",60,70,801328.335851914,2469,100000,308.113402401419,6.20083313819093
"70-80",70,80,610766.652205204,2773,100000,454.019549035289,8.62183323084149
"80-90",80,90,315896.544848685,1934,100000,612.225752873108,13.9214143274841
