"age_range","age_start","age_end","age_diff","unit","targets","se"
"30-40",30,40,10,100000,57.2031079630451,5.42947873050177
"40-50",40,50,10,100000,139.228373477964,8.58518929401922
"50-60",50,60,10,100000,248.670284993434,11.8013694653785
"60-70",60,70,10,100000,407.371981327727,16.0776896545348
"70-80",70,80,10,100000,603.523190982986,22.5389865875488
"80-90",80,90,10,100000,769.908784153475,35.5890461371217
