"age_range","age_start","age_end","person_years_total","n_events","unit","targets","se"
"30-40",30,40,969807.522118127,452,100000,46.6071864459043,2.19221764531537
"40-50",40,50,945647.434840159,1241,100000,131.232841572691,3.72526045222886
"50-60",50,60,894261.382658656,2284,100000,255.406310089073,5.34421070932415
"60-70",60,70,787353.441177939,3292,100000,418.109558913583,7.28719151405314
"70-80",70,80,591344.297071257,3533,100000,597.452282451668,10.0515122410476
"80-90",80,90,303225.362012278,2271,100000,748.947906246723,15.7160370470086
