"n_lesions","n_cases","n_total","targets","ci_lb","ci_ub","se","n_lesions_cat"
1,847,2062,0.410766246362755,0.38947650251315,0.432391638814171,0.0109479400232685,"1"
2,597,2062,0.289524733268671,0.270117351819788,0.309724562657466,0.0101040659803175,"2"
3,618,2062,0.299709020368574,0.280084953023474,0.320087099291977,0.0102048166660292,"3+"
