"n_lesions","n_cases","n_total","targets","ci_lb","ci_ub","se","n_lesions_cat"
1,846,2006,0.42173479561316,0.400046927774456,0.443725291137211,0.0111426443820611,"1"
2,576,2006,0.287138584247258,0.267518081753065,0.30758301317471,0.0102208335810434,"2"
3,584,2006,0.291126620139581,0.271417454875185,0.311644234374307,0.0102621221145964,"3+"
