"n_lesions","n_cases","n_total","targets","ci_lb","ci_ub","se","n_lesions_cat"
1,875,2091,0.418460066953611,0.397247434907557,0.439975128887106,0.0109001222258623,"1"
2,630,2091,0.3012912482066,0.281770206336475,0.32154991425008,0.0101480711450269,"2"
3,586,2091,0.28024868483979,0.261181267962761,0.300132048623738,0.00993660622547537,"3+"
