"n_lesions","n_cases","n_total","targets","ci_lb","ci_ub","se","n_lesions_cat"
1,842,2003,0.420369445831253,0.398677479048634,0.44236978415285,0.0111462010141144,"1"
2,570,2003,0.284573140289566,0.264996168996492,0.304985250293777,0.0102014837039646,"2"
3,591,2003,0.295057413879181,0.275247988400758,0.315661228802931,0.0103096895455599,"3+"
