"age_start","age_end","n_total","prevalence","ci_lb","ci_ub"
30,40,970514,0.000361487860445641,0.000324570279254086,0.000399788153493922
40,50,949517,0.000585164089005997,0.000537115185931373,0.000634006552805268
50,60,906192,0.000919493327507249,0.00085743418613274,0.000982131821953846
60,70,813649,0.00132499508692536,0.00124623762826477,0.00140478265197892
70,80,631956,0.00182207615172362,0.00171847407097963,0.00192734937242466
