"age_start","age_end","n_total","n_cases","targets","ci_lb","ci_ub","se"
30,40,1958,2,0.00102145045965271,0.000176944052578694,0.00411092510555926,0.00100358503625865
40,50,1911,14,0.00732600732600733,0.00417383603814031,0.0125857799280595,0.00214594348576594
50,60,1746,27,0.0154639175257732,0.0104155121241067,0.0227431610220422,0.00314486617998453
60,70,1560,25,0.016025641025641,0.0106187909211688,0.0239301674993645,0.00339582173019356
70,80,1112,26,0.0233812949640288,0.0156391128507216,0.0345682354360606,0.00482894653540818
