"age_start","age_end","n_total","n_cases","targets","ci_lb","ci_ub","se"
30,40,1915,193,0.100783289817232,0.087844083665538,0.115351802006249,0.00701740403336188
40,50,1934,340,0.175801447776629,0.159235794524024,0.193671998260978,0.00878490727599648
50,60,1820,433,0.237912087912088,0.218648079394094,0.258295621801047,0.0101143548350093
60,70,1512,461,0.30489417989418,0.281885458570754,0.328905850457065,0.0119952183451334
70,80,1148,378,0.329268292682927,0.302267297061373,0.357426299596584,0.0140714326820029
