"age_start","age_end","n_total","n_cases","targets","ci_lb","ci_ub","se"
30,40,1955,219,0.112020460358056,0.0985524018262372,0.127038011558249,0.00726687070698805
40,50,1915,344,0.179634464751958,0.162836812391576,0.197734286267028,0.00890258039196599
50,60,1780,433,0.243258426966292,0.223620835252694,0.264017352945408,0.0103054234698586
60,70,1586,459,0.289407313997478,0.267311692766857,0.312534979864893,0.0115367648218924
70,80,1181,364,0.308213378492803,0.282123451202948,0.335566870492566,0.0136337758528149
