"age_start","age_end","targets","se","ci_lb","ci_ub"
30,40,0.10951962108745,0.000710182685970021,0.108127676299621,0.110915165180695
40,50,0.166038915806917,0.000859007956089875,0.16435925310142,0.167721788805048
50,60,0.225636007465272,0.000997526514468801,0.223683311312588,0.227590095220739
60,70,0.279917794884621,0.0011499479956725,0.277664425127112,0.2821715597835
70,80,0.327354908506432,0.00140477131337743,0.324604326862756,0.330107006506426
