"age_start","age_end","n_total","n_cases","targets","ci_lb","ci_ub","se"
30,40,1956,4,0.00204498977505112,0.00065529572058631,0.00561081936891437,0.00126418742574267
40,50,1903,9,0.0047293746715712,0.00230980849113096,0.00930615081273199,0.00178481400086616
50,60,1746,19,0.0108820160366552,0.00675387974933848,0.0172809664671388,0.00268553065281725
60,70,1554,24,0.0154440154440154,0.010140907859554,0.0232597883366957,0.00334671467961192
70,80,1122,21,0.018716577540107,0.0119206076377374,0.0289773281569843,0.00435128416996131
