"age_start","age_end","n_total","n_cases","targets","ci_lb","ci_ub","se"
30,40,1941,3,0.00154559505409583,0.000399256322897647,0.00491410782240401,0.0011517689955323
40,50,1861,9,0.00483610961848469,0.00236197674063066,0.00951556983839789,0.00182492973192208
50,60,1740,12,0.00689655172413793,0.00374078630079186,0.0123792741256846,0.00220373636787003
60,70,1544,24,0.0155440414507772,0.0102067211252779,0.0234097444399317,0.00336818008361317
70,80,1168,24,0.0205479452054795,0.0135013121014459,0.0309001258028525,0.00443855444249136
