"age_start","age_end","n_total","n_cases","targets","ci_lb","ci_ub","se"
30,40,1951,219,0.112250128139416,0.0987558572685584,0.127296146720444,0.00728081987143834
40,50,1900,344,0.181052631578947,0.16413466661747,0.19927723231789,0.00896510496560635
50,60,1757,433,0.246442800227661,0.226584050439676,0.267423474236038,0.0104184117969764
60,70,1558,459,0.294608472400513,0.272186756186623,0.318054841472761,0.0117012571781776
70,80,1135,364,0.320704845814978,0.293765587312325,0.348873260956548,0.0140583383365473
