"age_start","age_end","n_total","n_cases","targets","se","ci_lb","ci_ub"
30,40,1951,219,0.112250128139416,0.00714677479642569,0.0987558572685584,0.127296146720444
40,50,1900,344,0.181052631578947,0.00883392313686535,0.16413466661747,0.19927723231789
50,60,1757,433,0.246442800227661,0.0102808802002211,0.226584050439676,0.267423474236038
60,70,1558,459,0.294608472400513,0.0115492560260963,0.272186756186623,0.318054841472761
70,80,1135,364,0.320704845814978,0.0138542840806858,0.293765587312325,0.348873260956548
