"age_start","age_end","targets","se","ci_lb","ci_ub"
30,40,0.00261735974737373,0.000116085289879409,0.00239007216675786,0.00284950288563789
40,50,0.00614330531687439,0.000180264819464079,0.00579062217254777,0.00649848315503752
50,60,0.0123255886213406,0.000263118715002503,0.0118118744313012,0.0128412192902639
60,70,0.0210608824176353,0.000367192059176,0.0203449020030998,0.0217836285992689
70,80,0.0272486302342084,0.000484864941464282,0.0263066866524165,0.0282047415895767
