"age_start","age_end","n_total","prevalence","confint_lb","confint_ub"
50,80,44627,0.418549359475222,0.413964640240213,0.423129495596836
