"age_start","age_end","targets","se","ci_lb","ci_ub"
30,40,0.551866059061787,0.00112988785264007,0.549649490496495,0.554078609112215
40,50,0.553803139567374,0.00114680349030319,0.551556761935175,0.55604875192932
50,60,0.559599774829692,0.00118386869256538,0.557279344858963,0.561919927206551
60,70,0.566955035178997,0.0012671206320576,0.56447130067424,0.569434907431023
70,80,0.56990335686829,0.00147445374874162,0.567012869522027,0.57279572848945
