"age_start","age_end","n_total","n_cases","targets","ci_lb","ci_ub","se"
30,40,1953,1,0.000512032770097286,0.0000267287644899164,0.00331877719306563,0.000839823704553494
40,50,1897,13,0.00685292567211386,0.0038151397690984,0.0120204883160634,0.00209323962370934
50,60,1746,24,0.013745704467354,0.00902374873037525,0.0207123746105227,0.0029818471085045
60,70,1539,29,0.0188434048083171,0.0128841982198265,0.0273113437054371,0.00368046188588415
70,80,1150,31,0.0269565217391304,0.0186937581565388,0.0385131054697474,0.00505604885333125
