"age_start","age_end","n_total","n_cases","targets","ci_lb","ci_ub","se"
30,40,1992,216,0.108433734939759,0.095288968051833,0.123113462002764,0.00709821562294191
40,50,1882,329,0.174814027630181,0.158066825365914,0.192906512953338,0.00888783872107727
50,60,1725,428,0.248115942028986,0.228026886288644,0.269340257274878,0.0105393189140484
60,70,1515,418,0.275907590759076,0.253667654826488,0.299297672693702,0.0116405245777827
70,80,1166,376,0.322469982847341,0.295843392916442,0.350281098925785,0.0138874250850374
