"age_start","age_end","n_total","prevalence","ci_lb","ci_ub"
30,40,9707,0.000277370818461783,0,0.000618110641804883
40,50,9504,0.000670386991237979,0.00021043771043771,0.00126262626262626
50,60,9055,0.00067007467809287,0.000220872446162341,0.00121479845389288
60,70,8136,0.001478214106386,0.000737463126843658,0.00233529990167158
70,80,6274,0.00165342580501827,0.000796939751354798,0.00270959515460631
