"age_start","age_end","n_total","n_cases","targets","ci_lb","ci_ub","se"
30,40,1960,4,0.00204081632653061,0.000653957976284949,0.00559939563188853,0.00126161442113543
40,50,1923,26,0.0135205408216329,0.00903207295301084,0.0200446880506167,0.00280939220936507
50,60,1773,54,0.0304568527918782,0.0231718591208584,0.0398430463870705,0.00425293204306619
60,70,1595,60,0.0376175548589342,0.0290605038822053,0.0484704739814187,0.00495161397156193
70,80,1157,71,0.0613656006914434,0.0485493028202331,0.0771750315827658,0.00730261601445965
