"age_start","age_end","n_total","prevalence","confint_lb","confint_ub"
50,80,23406,0.512827073372413,0.506408613176109,0.519225839528326
