"age_start","age_end","targets","se","ci_lb","ci_ub"
30,40,0.0027653951341594,0.000119361536537576,0.00253144938392788,0.00300157569808591
40,50,0.00441443299089871,0.000152553595609116,0.00411975895703377,0.00471813011660295
50,60,0.00686777016893572,0.000194644948498494,0.00648791570153366,0.00725446738544774
60,70,0.0107477685372963,0.000256768096718063,0.0102501457219749,0.011254697208339
70,80,0.013778041708274,0.000330957398991505,0.0131311665699362,0.014428967563036
