"age_start","age_end","n_total","prevalence","ci_lb","ci_ub"
50,80,350,0.323791124949609,0.274285714285714,0.374285714285714
