"age_start","age_end","targets","se","ci_lb","ci_ub"
30,40,0.00157946659147486,0.0000902593063351946,0.00140516916273615,0.00175646145342019
40,50,0.00287731039099908,0.000123324456177915,0.00263993511484778,0.0031223328968782
50,60,0.00419291515887028,0.000152822852758497,0.00389868999541331,0.004497197641768
60,70,0.00587106992204746,0.000191338042657474,0.00550101928806649,0.00624745177983378
70,80,0.00837088598879173,0.000260895733548056,0.00786381415486548,0.0088888159998688
