"stage_dx","count","pct","ci_lb","ci_ub"
1,8005,0.492979430964404,0.485281438600813,0.500677423327996
2,8233,0.507020569035596,0.499322576672004,0.514718561399187
