"stage_dx","n_cases","n_total","targets","ci_lb","ci_ub","se"
1,3267,13804,0.236670530281078,0.229618112794477,0.243870217114561,0.00363580770680025
2,3631,13804,0.263039698638076,0.255725690769172,0.27048620535256,0.00376550658578841
3,3177,13804,0.23015068096204,0.223168607164978,0.237283677873223,0.0036008495103948
4,3729,13804,0.270139090118806,0.262760604513578,0.277646099549444,0.00379738994014211
