"stage_dx","n_cases","n_total","targets","ci_lb","ci_ub","se"
1,3417,13741,0.248671857943381,0.241479595010043,0.256005312284496,0.00370560821245456
2,3570,13741,0.259806418746816,0.252505984734452,0.267241779297882,0.00375920034236958
3,2987,13741,0.217378647842224,0.210525774561368,0.224390330588289,0.00353694152961051
4,3767,13741,0.274143075467579,0.266712377507328,0.281700635878544,0.00382360555842911
