"stage_dx","n_cases","n_total","targets","ci_lb","ci_ub","se"
1,3226,13746,0.234686454241234,0.227640461122626,0.24188145602207,0.00363297361884584
2,3676,13746,0.267423250400116,0.260053709669706,0.27492338540746,0.00379335433075405
3,3122,13746,0.227120616906737,0.220157483304306,0.234237017412375,0.00359178388458325
4,3722,13746,0.270769678451913,0.263370083526808,0.278297986131997,0.0038082083964139
