"stage_dx","n_cases","n_total","targets","ci_lb","ci_ub","se"
1,3032,10217,0.296760301458354,0.287931417627345,0.30574280263518,0.00454380415873186
2,2764,10217,0.270529509640795,0.261954656994996,0.279277833001273,0.00441925875753843
3,2040,10217,0.199667221297837,0.191981218134582,0.207580406904693,0.00397945801380923
4,2381,10217,0.233042967603015,0.224898247848239,0.241389554269607,0.00420704322922493
