"stage_dx","ct","targets","se","ci_lb","ci_ub"
1,3321,0.231751570132589,0.00352483740152147,0.224842986741103,0.238660153524075
2,3733,0.260502442428472,0.00366649567075263,0.253314724354501,0.267690160502442
3,3314,0.231263084438241,0.00352223988057289,0.224354501046755,0.238171667829728
4,3962,0.276482903000698,0.00373624583803681,0.269155617585485,0.283810188415911
