"stage_dx","n_cases","n_total","targets","ci_lb","ci_ub","se"
1,3115,13722,0.227007724821455,0.220039802948066,0.234129245940409,0.00359431170763324
2,3647,13722,0.265777583442647,0.258416618381501,0.273270298634088,0.00378927377486301
3,3230,13722,0.235388427342953,0.228328776170136,0.242596952661319,0.00363990782578884
4,3730,13722,0.271826264392946,0.264410840796685,0.279370031274004,0.0038161901431135
