"stage_dx","ct","targets","se","ci_lb","ci_ub"
1,620,0.221983530254207,0.00786356180156149,0.206587898317222,0.237379162191192
2,737,0.263873970640888,0.00833947854175587,0.247762262799857,0.280343716433942
3,642,0.229860365198711,0.0079612509859195,0.214464733261726,0.245614035087719
4,794,0.284282133906194,0.0085351320519105,0.267454350161117,0.301109917651271
