"stage_dx","ct","targets","se","ci_lb","ci_ub"
1,1183,0.22771896053898,0.00581827851513634,0.216361886429259,0.239076034648701
2,1371,0.26390760346487,0.00611504055120546,0.251973051010587,0.275842155919153
3,1219,0.234648700673725,0.00587958553576269,0.223099133782483,0.246198267564966
4,1422,0.273724735322425,0.00618607061101353,0.261597690086622,0.285851780558229
