"stage_dx","count","pct","ci_lb","ci_ub"
1,593,0.354665071770335,0.331937799043062,0.377392344497608
2,1079,0.645334928229665,0.622607655502392,0.668062200956938
